-- eGrow Academy Database Backup
-- Environment: produccion
-- Timestamp: 2025-08-02T16:57:24.259Z

-- Disable foreign key checks
SET foreign_key_checks = 0;

-- Table: users
DELETE FROM users;
INSERT INTO users (id, email, passwordHash, firstName, lastName, username, profileImage, bio, membershipLevel, isActive, emailVerified, createdAt, updatedAt, lastLogin, verificationCode, stripeCustomerId, verificationCodeExpires, country, hasBeenPremium) VALUES ('cmdnk5t1o000iky04vj1v5m7d', 'rickpoluniverse@gmail.com', '$2b$12$midMOI5OKxeuIqBEpAyhSOYVVIofr4H5hdu9XLnQQjyN3DVZV2r4i', 'rick', 'pol', 'polla69', NULL, NULL, 'FREE', TRUE, TRUE, '2025-07-28T20:26:05.773Z', '2025-07-28T20:26:25.862Z', NULL, NULL, NULL, NULL, 'Brasil', FALSE);
INSERT INTO users (id, email, passwordHash, firstName, lastName, username, profileImage, bio, membershipLevel, isActive, emailVerified, createdAt, updatedAt, lastLogin, verificationCode, stripeCustomerId, verificationCodeExpires, country, hasBeenPremium) VALUES ('cmdtihqmk0000ju043lkwi2h9', 'solismartinezluisdavid@gmail.com', '$2b$12$2YOf/kKCS9dG8EQ4k9pkX.xr3.AKr.DsIxxlNCCJiaT.yFsqTA976', 'afwqaf', 'afaf', 'adsasd', NULL, NULL, 'FREE', TRUE, TRUE, '2025-08-02T00:26:00.333Z', '2025-08-02T00:27:00.109Z', '2025-08-02T00:27:00.108Z', NULL, NULL, NULL, 'Nicaragua', FALSE);
INSERT INTO users (id, email, passwordHash, firstName, lastName, username, profileImage, bio, membershipLevel, isActive, emailVerified, createdAt, updatedAt, lastLogin, verificationCode, stripeCustomerId, verificationCodeExpires, country, hasBeenPremium) VALUES ('cmdth2tj4001al10467yq699p', 'empuniv@yahoo.com', '$2b$12$hg0S9YMXbtX0sQEAf7S0oeHMJu2bmZgVcoSHIcOZihW/yX/nMZDSC', 'Marcela', 'Gonzalez', 'empuniv', NULL, NULL, 'FREE', TRUE, TRUE, '2025-08-01T23:46:24.641Z', '2025-08-01T23:46:24.641Z', NULL, '809370', NULL, '2025-08-01T23:56:24.639Z', 'Colombia', FALSE);
INSERT INTO users (id, email, passwordHash, firstName, lastName, username, profileImage, bio, membershipLevel, isActive, emailVerified, createdAt, updatedAt, lastLogin, verificationCode, stripeCustomerId, verificationCodeExpires, country, hasBeenPremium) VALUES ('cmdhipu140000la04lk6x6aqe', 'rickflo528@gmail.com', '$2b$12$nSogWoX8M4bvpUr/ZHQqvORB.xszLg.siXXuFbGCewLHrtwB3eCDu', 'Rick', 'Flores', 'soyrickflores', NULL, NULL, 'FREE', TRUE, TRUE, '2025-07-24T14:59:03.881Z', '2025-07-24T14:59:35.269Z', NULL, NULL, NULL, NULL, 'México', FALSE);
INSERT INTO users (id, email, passwordHash, firstName, lastName, username, profileImage, bio, membershipLevel, isActive, emailVerified, createdAt, updatedAt, lastLogin, verificationCode, stripeCustomerId, verificationCodeExpires, country, hasBeenPremium) VALUES ('cmdpysmyw0000jr043g75qng4', 'ochoaramoshector@gmail.com', '$2b$12$/Ph8IZHtdSIGYufSkB9ADO0KuIESAx290e0FieCyoYMHGBrL.7p7y', 'Hec', 'Tor', 'ectorsin', NULL, NULL, 'FREE', TRUE, TRUE, '2025-07-30T12:51:17.961Z', '2025-07-30T12:51:54.245Z', NULL, NULL, NULL, NULL, 'México', FALSE);
INSERT INTO users (id, email, passwordHash, firstName, lastName, username, profileImage, bio, membershipLevel, isActive, emailVerified, createdAt, updatedAt, lastLogin, verificationCode, stripeCustomerId, verificationCodeExpires, country, hasBeenPremium) VALUES ('cmdt8fnan000le5bwkp8fx04j', 'ad@gmail.com', '$2b$12$UahHBkEX7taMCdXmxKqRE.qScj2UFJshy6Z/0ss031s33.tBpVZRK', 'zair', 'prueba', 'test00001', NULL, NULL, 'FREE', TRUE, FALSE, '2025-08-01T19:44:26.544Z', '2025-08-01T19:44:26.544Z', NULL, '159373', NULL, '2025-08-01T19:54:26.542Z', 'Argentina', FALSE);
INSERT INTO users (id, email, passwordHash, firstName, lastName, username, profileImage, bio, membershipLevel, isActive, emailVerified, createdAt, updatedAt, lastLogin, verificationCode, stripeCustomerId, verificationCodeExpires, country, hasBeenPremium) VALUES ('cmdkm2ok40000l704gtdx0mw3', 'liamjimenez644@gmail.com', '$2b$12$Cv59mTBvFZrcWTPWDIlymePm.XnLrwf/sN7FDYNo5vwRFpp5//mCy', 'Liliana', 'Miranda', 'Liliana', NULL, NULL, 'FREE', TRUE, TRUE, '2025-07-26T18:56:20.692Z', '2025-07-26T18:59:15.635Z', NULL, NULL, NULL, NULL, 'Nicaragua', FALSE);
INSERT INTO users (id, email, passwordHash, firstName, lastName, username, profileImage, bio, membershipLevel, isActive, emailVerified, createdAt, updatedAt, lastLogin, verificationCode, stripeCustomerId, verificationCodeExpires, country, hasBeenPremium) VALUES ('cmdhyu3bi0005jx048jinmv6t', 'aquinozair3@gmail.com', '$2b$12$a33eB9dMbaYqahFqmGvpV.fgK39z7TS06scy6cDFO/oC.07Upclqa', 'Zair', 'Aquino', 'Zair', NULL, NULL, 'PREMIUM', TRUE, TRUE, '2025-07-24T22:30:16.398Z', '2025-07-31T18:27:54.664Z', '2025-07-31T18:27:54.663Z', NULL, 'cus_Sk1lFazlF8oAbs', NULL, 'México', TRUE);
INSERT INTO users (id, email, passwordHash, firstName, lastName, username, profileImage, bio, membershipLevel, isActive, emailVerified, createdAt, updatedAt, lastLogin, verificationCode, stripeCustomerId, verificationCodeExpires, country, hasBeenPremium) VALUES ('cmdtbdc5n0004e5owrhi9xc2v', 'sdnjnkkn@gmail.com', '$2b$12$97wRQDsr0rOLRFWAFdypAuaW4okk6OIc41Ijz5bq/OaixSc4S3t8G', 'Zair', 'Adnn', 'test0002', NULL, NULL, 'FREE', TRUE, FALSE, '2025-08-01T21:06:37.643Z', '2025-08-01T21:06:37.643Z', NULL, '326062', NULL, '2025-08-01T21:16:37.640Z', 'Brasil', FALSE);
INSERT INTO users (id, email, passwordHash, firstName, lastName, username, profileImage, bio, membershipLevel, isActive, emailVerified, createdAt, updatedAt, lastLogin, verificationCode, stripeCustomerId, verificationCodeExpires, country, hasBeenPremium) VALUES ('cmdtbe4ck0005e5owv5v82iqb', 'aquinozair1@gmail.com', '$2b$12$tqnQaAOl2wd7irknEKzN5eN5KZF0A4wGQThbT8R0Y0uJgTt3pRP4m', 'Zair', 'Adnn', 'test02', NULL, NULL, 'FREE', TRUE, TRUE, '2025-08-01T21:07:14.180Z', '2025-08-01T21:07:35.501Z', NULL, NULL, NULL, NULL, 'Brasil', FALSE);
INSERT INTO users (id, email, passwordHash, firstName, lastName, username, profileImage, bio, membershipLevel, isActive, emailVerified, createdAt, updatedAt, lastLogin, verificationCode, stripeCustomerId, verificationCodeExpires, country, hasBeenPremium) VALUES ('cmdtghzox0015l1045k35v0c9', 'saq.sofia18@gmail.com', '$2b$12$6xQP2PrBKnSF5VRDsWPvxe6EivrtQwtNJOpg.ynrTHtYVtN9DHfZm', 'Sofia', 'Anc', 'Sofia', NULL, NULL, 'FREE', TRUE, TRUE, '2025-08-01T23:30:12.849Z', '2025-08-01T23:30:52.170Z', NULL, NULL, NULL, NULL, 'Perú', FALSE);
INSERT INTO users (id, email, passwordHash, firstName, lastName, username, profileImage, bio, membershipLevel, isActive, emailVerified, createdAt, updatedAt, lastLogin, verificationCode, stripeCustomerId, verificationCodeExpires, country, hasBeenPremium) VALUES ('cmdt0gtf2001be5o8wtu39p9j', 'luisdavid.ls47@gmail.com', '$2b$12$SGI30P8y6Jmv4.5iB2ir1.lFvsb83vHex2IUv6J1fBDVy13SxXkOq', 'Luis', 'Martinez', 'Luis14', NULL, NULL, 'FREE', TRUE, TRUE, '2025-08-01T16:01:24.207Z', '2025-08-01T23:59:55.773Z', '2025-08-01T23:59:55.772Z', NULL, NULL, NULL, 'Portugal', FALSE);
INSERT INTO users (id, email, passwordHash, firstName, lastName, username, profileImage, bio, membershipLevel, isActive, emailVerified, createdAt, updatedAt, lastLogin, verificationCode, stripeCustomerId, verificationCodeExpires, country, hasBeenPremium) VALUES ('cmdthq3tf001el104f7opns8d', 'luissolis.17@outlook.com', '$2b$12$ixYNmxdcIkFQn0OObXj6pO2hYpkICR4okQzzQGCafKQ.RUiJCnBUi', 'Luis David', 'Solis Martínez', 'LuisSolis', NULL, NULL, 'FREE', TRUE, TRUE, '2025-08-02T00:04:31.060Z', '2025-08-02T00:05:52.417Z', '2025-08-02T00:05:52.416Z', NULL, NULL, NULL, 'México', FALSE);

-- Table: courses
DELETE FROM courses;
INSERT INTO courses (id, title, slug, description, shortDescription, imageUrl, price, isFree, requiresAuth, difficulty, durationHours, lessonsCount, studentsCount, rating, status, createdAt, updatedAt, instructorId, category) VALUES ('cmdf4hcn50000e5isc57n04xy', 'Monetiza con la IA', 'monetiza-ia', 'Descubre cómo generar ingresos utilizando inteligencia artificial. Aprende estrategias prácticas para monetizar herramientas de IA y crear fuentes de ingresos pasivos.', 'Aprende a generar ingresos con inteligencia artificial', '/images/monetiza-ia.png', 0, TRUE, TRUE, 'INTERMEDIATE', 3, 8, 1250, 4.8, 'PUBLISHED', '2025-07-22T22:45:01.121Z', '2025-07-31T22:15:36.585Z', NULL, 'IA_PARA_EMPRENDER');
INSERT INTO courses (id, title, slug, description, shortDescription, imageUrl, price, isFree, requiresAuth, difficulty, durationHours, lessonsCount, studentsCount, rating, status, createdAt, updatedAt, instructorId, category) VALUES ('cmddav1bv0001e5ko3o5dt2cv', 'Desarrollo Web Full Stack con React y Node.js', 'desarrollo-web-fullstack', 'Aprende a crear aplicaciones web completas desde cero. Domina React, Node.js, Express, MongoDB y despliegue en la nube.', 'Curso completo de desarrollo web full stack con las tecnologías más demandadas del mercado.', 'https://images.unsplash.com/photo-1461749280684-dccba630e2f6?w=400&h=250&fit=crop&crop=center', 99.98999999999999, FALSE, TRUE, 'INTERMEDIATE', 25, 15, 0, 4.8, 'PUBLISHED', '2025-07-21T16:08:04.987Z', '2025-07-31T22:15:36.907Z', NULL, 'DESARROLLO_WEB');
INSERT INTO courses (id, title, slug, description, shortDescription, imageUrl, price, isFree, requiresAuth, difficulty, durationHours, lessonsCount, studentsCount, rating, status, createdAt, updatedAt, instructorId, category) VALUES ('cmds0r34u0000e5048x4gkzi7', 'Asistentes virtuales con IA', 'asistentes-virtuales-ia', 'Descubre cómo crear y configurar asistentes virtuales inteligentes para automatizar tareas y mejorar la productividad en tu organización. Domina Google Gemini, ChatGPT y otras herramientas de IA.', 'Domina la creación de asistentes virtuales personalizados para potenciar tu negocio utilizando Google Gemini y ChatGPT', 'https://images.unsplash.com/photo-1677442136019-21780ecad995?w=400&h=250&fit=crop&crop=center', 0, TRUE, FALSE, 'INTERMEDIATE', 4, 21, 0, 0, 'PUBLISHED', '2025-07-31T23:21:37.183Z', '2025-08-01T15:28:51.059Z', NULL, 'IA_PARA_EMPRENDER');

-- Table: lessons
DELETE FROM lessons;
INSERT INTO lessons (id, title, content, videoUrl, duration, order, createdAt, updatedAt, courseId) VALUES ('cmddav1g90003e5kov39obh94', 'Introducción al Desarrollo Full Stack', 'Conceptos fundamentales del desarrollo web full stack y las tecnologías que aprenderás.', 'https://www.youtube.com/watch?v=dQw4w9WgXcQ', 15, 1, '2025-07-21T16:08:05.146Z', '2025-07-21T16:08:05.146Z', 'cmddav1bv0001e5ko3o5dt2cv');
INSERT INTO lessons (id, title, content, videoUrl, duration, order, createdAt, updatedAt, courseId) VALUES ('cmddav1kh0005e5kow4mgzmct', 'Configuración del Entorno de Desarrollo', 'Instalación y configuración de Node.js, npm, Git y herramientas de desarrollo.', 'https://www.youtube.com/watch?v=dQw4w9WgXcQ', 20, 2, '2025-07-21T16:08:05.298Z', '2025-07-21T16:08:05.298Z', 'cmddav1bv0001e5ko3o5dt2cv');
INSERT INTO lessons (id, title, content, videoUrl, duration, order, createdAt, updatedAt, courseId) VALUES ('cmddav1mn0007e5kohizki664', 'Fundamentos de HTML5 y CSS3', 'Estructura semántica, flexbox, grid y diseño responsive moderno.', 'https://www.youtube.com/watch?v=dQw4w9WgXcQ', 25, 3, '2025-07-21T16:08:05.375Z', '2025-07-21T16:08:05.375Z', 'cmddav1bv0001e5ko3o5dt2cv');
INSERT INTO lessons (id, title, content, videoUrl, duration, order, createdAt, updatedAt, courseId) VALUES ('cmddav1os0009e5koev6dgbpe', 'JavaScript Moderno (ES6+)', 'Arrow functions, destructuring, async/await, módulos y promesas.', 'https://www.youtube.com/watch?v=dQw4w9WgXcQ', 30, 4, '2025-07-21T16:08:05.452Z', '2025-07-21T16:08:05.452Z', 'cmddav1bv0001e5ko3o5dt2cv');
INSERT INTO lessons (id, title, content, videoUrl, duration, order, createdAt, updatedAt, courseId) VALUES ('cmddav1qy000be5kouysaarac', 'Introducción a React', 'Componentes, props, estado, hooks y ciclo de vida de componentes.', 'https://www.youtube.com/watch?v=dQw4w9WgXcQ', 35, 5, '2025-07-21T16:08:05.530Z', '2025-07-21T16:08:05.530Z', 'cmddav1bv0001e5ko3o5dt2cv');
INSERT INTO lessons (id, title, content, videoUrl, duration, order, createdAt, updatedAt, courseId) VALUES ('cmddav1t3000de5kofiq8ig9o', 'Estado Global con Context API', 'Gestión de estado global, useContext y patrones de diseño.', 'https://www.youtube.com/watch?v=dQw4w9WgXcQ', 30, 6, '2025-07-21T16:08:05.607Z', '2025-07-21T16:08:05.607Z', 'cmddav1bv0001e5ko3o5dt2cv');
INSERT INTO lessons (id, title, content, videoUrl, duration, order, createdAt, updatedAt, courseId) VALUES ('cmddav1v8000fe5kocwfdvahi', 'Routing con React Router', 'Navegación, rutas dinámicas, protected routes y lazy loading.', 'https://www.youtube.com/watch?v=dQw4w9WgXcQ', 25, 7, '2025-07-21T16:08:05.685Z', '2025-07-21T16:08:05.685Z', 'cmddav1bv0001e5ko3o5dt2cv');
INSERT INTO lessons (id, title, content, videoUrl, duration, order, createdAt, updatedAt, courseId) VALUES ('cmddav1xd000he5koloq5uiz6', 'Backend con Node.js y Express', 'Servidor HTTP, middleware, rutas, controladores y validación.', 'https://www.youtube.com/watch?v=dQw4w9WgXcQ', 40, 8, '2025-07-21T16:08:05.761Z', '2025-07-21T16:08:05.761Z', 'cmddav1bv0001e5ko3o5dt2cv');
INSERT INTO lessons (id, title, content, videoUrl, duration, order, createdAt, updatedAt, courseId) VALUES ('cmddav1zj000je5koc6apfrhg', 'Base de Datos MongoDB', 'CRUD operations, Mongoose ODM, esquemas y relaciones.', 'https://www.youtube.com/watch?v=dQw4w9WgXcQ', 35, 9, '2025-07-21T16:08:05.839Z', '2025-07-21T16:08:05.839Z', 'cmddav1bv0001e5ko3o5dt2cv');
INSERT INTO lessons (id, title, content, videoUrl, duration, order, createdAt, updatedAt, courseId) VALUES ('cmddav21p000le5ko97szwugj', 'Autenticación JWT', 'Registro, login, tokens JWT, middleware de autenticación.', 'https://www.youtube.com/watch?v=dQw4w9WgXcQ', 30, 10, '2025-07-21T16:08:05.917Z', '2025-07-21T16:08:05.917Z', 'cmddav1bv0001e5ko3o5dt2cv');
INSERT INTO lessons (id, title, content, videoUrl, duration, order, createdAt, updatedAt, courseId) VALUES ('cmddav23u000ne5koz2liprvy', 'API RESTful', 'Diseño de APIs, endpoints, status codes y documentación.', 'https://www.youtube.com/watch?v=dQw4w9WgXcQ', 25, 11, '2025-07-21T16:08:05.995Z', '2025-07-21T16:08:05.995Z', 'cmddav1bv0001e5ko3o5dt2cv');
INSERT INTO lessons (id, title, content, videoUrl, duration, order, createdAt, updatedAt, courseId) VALUES ('cmddav25z000pe5ko4qvr1yso', 'Integración Frontend-Backend', 'Consumo de APIs, manejo de errores, loading states.', 'https://www.youtube.com/watch?v=dQw4w9WgXcQ', 30, 12, '2025-07-21T16:08:06.071Z', '2025-07-21T16:08:06.071Z', 'cmddav1bv0001e5ko3o5dt2cv');
INSERT INTO lessons (id, title, content, videoUrl, duration, order, createdAt, updatedAt, courseId) VALUES ('cmddav284000re5koh7bjruv2', 'Despliegue en la Nube', 'Vercel, Heroku, MongoDB Atlas y variables de entorno.', 'https://www.youtube.com/watch?v=dQw4w9WgXcQ', 20, 13, '2025-07-21T16:08:06.148Z', '2025-07-21T16:08:06.148Z', 'cmddav1bv0001e5ko3o5dt2cv');
INSERT INTO lessons (id, title, content, videoUrl, duration, order, createdAt, updatedAt, courseId) VALUES ('cmddav2a9000te5kojph0ctfh', 'Optimización y Performance', 'Lazy loading, code splitting, caching y métricas de rendimiento.', 'https://www.youtube.com/watch?v=dQw4w9WgXcQ', 25, 14, '2025-07-21T16:08:06.225Z', '2025-07-21T16:08:06.225Z', 'cmddav1bv0001e5ko3o5dt2cv');
INSERT INTO lessons (id, title, content, videoUrl, duration, order, createdAt, updatedAt, courseId) VALUES ('cmddav2ce000ve5kojb1tytg5', 'Proyecto Final: E-commerce', 'Desarrollo completo de una aplicación de e-commerce full stack.', 'https://www.youtube.com/watch?v=dQw4w9WgXcQ', 60, 15, '2025-07-21T16:08:06.302Z', '2025-07-21T16:08:06.302Z', 'cmddav1bv0001e5ko3o5dt2cv');
INSERT INTO lessons (id, title, content, videoUrl, duration, order, createdAt, updatedAt, courseId) VALUES ('cmdf7ygs80001e5ro8cgyad7s', '1.1 Fundamentos de Monetización con IA', 'Introducción a los conceptos básicos de monetización utilizando inteligencia artificial. Descubre las oportunidades del mercado digital.', 'https://www.youtube.com/watch?v=example1', 20, 1, '2025-07-23T00:22:18.488Z', '2025-07-23T00:22:18.488Z', 'cmdf4hcn50000e5isc57n04xy');
INSERT INTO lessons (id, title, content, videoUrl, duration, order, createdAt, updatedAt, courseId) VALUES ('cmdf7ygwn0003e5roxziuhqgp', '2.1 Estrategias de ChatGPT para Negocios', 'Aprende a utilizar ChatGPT para crear productos digitales, automatizar procesos y generar ingresos online.', 'https://www.youtube.com/watch?v=example2', 25, 2, '2025-07-23T00:22:18.647Z', '2025-07-23T00:22:18.647Z', 'cmdf4hcn50000e5isc57n04xy');
INSERT INTO lessons (id, title, content, videoUrl, duration, order, createdAt, updatedAt, courseId) VALUES ('cmdf7ygyv0005e5roa99bawm8', '3.1 Creación de Productos Digitales', 'Descubre cómo crear ebooks, cursos online, plantillas y otros productos digitales con herramientas de IA.', 'https://www.youtube.com/watch?v=example3', 30, 3, '2025-07-23T00:22:18.727Z', '2025-07-23T00:22:18.727Z', 'cmdf4hcn50000e5isc57n04xy');
INSERT INTO lessons (id, title, content, videoUrl, duration, order, createdAt, updatedAt, courseId) VALUES ('cmdf7yh110007e5ro0b6lxxk0', '4.1 Automatización de Ventas', 'Implementa sistemas automatizados de venta, marketing y atención al cliente utilizando IA.', 'https://www.youtube.com/watch?v=example4', 25, 4, '2025-07-23T00:22:18.806Z', '2025-07-23T00:22:18.806Z', 'cmdf4hcn50000e5isc57n04xy');
INSERT INTO lessons (id, title, content, videoUrl, duration, order, createdAt, updatedAt, courseId) VALUES ('cmdf7yh370009e5roitshayuk', '5.1 Marketing Digital con IA', 'Optimiza tus campañas de marketing digital, SEO y redes sociales con herramientas de inteligencia artificial.', 'https://www.youtube.com/watch?v=example5', 30, 5, '2025-07-23T00:22:18.884Z', '2025-07-23T00:22:18.884Z', 'cmdf4hcn50000e5isc57n04xy');
INSERT INTO lessons (id, title, content, videoUrl, duration, order, createdAt, updatedAt, courseId) VALUES ('cmdf7yh5f000be5rorgf8ujq6', '6.1 Ingresos Pasivos con IA', 'Crea múltiples fuentes de ingresos pasivos utilizando estrategias de automatización e inteligencia artificial.', 'https://www.youtube.com/watch?v=example6', 25, 6, '2025-07-23T00:22:18.963Z', '2025-07-23T00:22:18.963Z', 'cmdf4hcn50000e5isc57n04xy');
INSERT INTO lessons (id, title, content, videoUrl, duration, order, createdAt, updatedAt, courseId) VALUES ('cmdf7yh7k000de5roe70p5f0n', '7.1 Analytics y Optimización', 'Utiliza herramientas de analytics y IA para analizar, optimizar y escalar tus resultados de monetización.', 'https://www.youtube.com/watch?v=example7', 20, 7, '2025-07-23T00:22:19.041Z', '2025-07-23T00:22:19.041Z', 'cmdf4hcn50000e5isc57n04xy');
INSERT INTO lessons (id, title, content, videoUrl, duration, order, createdAt, updatedAt, courseId) VALUES ('cmdf7yh9s000fe5rotp7aikd0', '8.1 Escalabilidad y Tendencias Futuras', 'Aprende a escalar tu negocio digital y descubre las tendencias futuras en monetización con IA.', 'https://www.youtube.com/watch?v=example8', 20, 8, '2025-07-23T00:22:19.120Z', '2025-07-23T00:22:19.120Z', 'cmdf4hcn50000e5isc57n04xy');
INSERT INTO lessons (id, title, content, videoUrl, duration, order, createdAt, updatedAt, courseId) VALUES ('cmdsziu3w0001e5ao9kf1iqnh', '1.1 Introducción a los Asistentes Virtuales con IA', 'Contenido de la lección 1.1: 1.1 Introducción a los Asistentes Virtuales con IA', NULL, NULL, 1, '2025-08-01T15:34:58.796Z', '2025-08-01T15:34:58.796Z', 'cmds0r34u0000e5048x4gkzi7');
INSERT INTO lessons (id, title, content, videoUrl, duration, order, createdAt, updatedAt, courseId) VALUES ('cmdsziu8p0003e5aof9isqghh', '1.2 Beneficios Empresariales Clave', 'Contenido de la lección 1.2: 1.2 Beneficios Empresariales Clave', NULL, NULL, 2, '2025-08-01T15:34:58.969Z', '2025-08-01T15:34:58.969Z', 'cmds0r34u0000e5048x4gkzi7');
INSERT INTO lessons (id, title, content, videoUrl, duration, order, createdAt, updatedAt, courseId) VALUES ('cmdsziudi0007e5aod3itk745', '1.4 Planificación Estratégica', 'Contenido de la lección 1.4: 1.4 Planificación Estratégica', NULL, NULL, 4, '2025-08-01T15:34:59.143Z', '2025-08-01T15:34:59.143Z', 'cmds0r34u0000e5048x4gkzi7');
INSERT INTO lessons (id, title, content, videoUrl, duration, order, createdAt, updatedAt, courseId) VALUES ('cmdsziufw0009e5aol87339z2', '2.1 Preparación de Documentación Empresarial', 'Contenido de la lección 2.1: 2.1 Preparación de Documentación Empresarial', NULL, NULL, 5, '2025-08-01T15:34:59.228Z', '2025-08-01T15:34:59.228Z', 'cmds0r34u0000e5048x4gkzi7');
INSERT INTO lessons (id, title, content, videoUrl, duration, order, createdAt, updatedAt, courseId) VALUES ('cmdsziuia000be5aoonmaky6k', '2.2 Configuración de Procesos', 'Contenido de la lección 2.2: 2.2 Configuración de Procesos', NULL, NULL, 6, '2025-08-01T15:34:59.314Z', '2025-08-01T15:34:59.314Z', 'cmds0r34u0000e5048x4gkzi7');
INSERT INTO lessons (id, title, content, videoUrl, duration, order, createdAt, updatedAt, courseId) VALUES ('cmdsziuko000de5aog4u9lxz5', '2.3 Establecimiento de Metodologías', 'Contenido de la lección 2.3: 2.3 Establecimiento de Metodologías', NULL, NULL, 7, '2025-08-01T15:34:59.401Z', '2025-08-01T15:34:59.401Z', 'cmds0r34u0000e5048x4gkzi7');
INSERT INTO lessons (id, title, content, videoUrl, duration, order, createdAt, updatedAt, courseId) VALUES ('cmdsziun2000fe5ao1jtbran3', '3.1 Introducción a Google Gemini', 'Contenido de la lección 3.1: 3.1 Introducción a Google Gemini', NULL, NULL, 8, '2025-08-01T15:34:59.487Z', '2025-08-01T15:34:59.487Z', 'cmds0r34u0000e5048x4gkzi7');
INSERT INTO lessons (id, title, content, videoUrl, duration, order, createdAt, updatedAt, courseId) VALUES ('cmdsziuph000he5aourkr5t1i', '3.2 Configuración de Gemini', 'Contenido de la lección 3.2: 3.2 Configuración de Gemini', NULL, NULL, 9, '2025-08-01T15:34:59.573Z', '2025-08-01T15:34:59.573Z', 'cmds0r34u0000e5048x4gkzi7');
INSERT INTO lessons (id, title, content, videoUrl, duration, order, createdAt, updatedAt, courseId) VALUES ('cmdsziurw000je5ao9omf2odc', '3.3 Creación de Asistente con Gemini', 'Contenido de la lección 3.3: 3.3 Creación de Asistente con Gemini', NULL, NULL, 10, '2025-08-01T15:34:59.660Z', '2025-08-01T15:34:59.660Z', 'cmds0r34u0000e5048x4gkzi7');
INSERT INTO lessons (id, title, content, videoUrl, duration, order, createdAt, updatedAt, courseId) VALUES ('cmdsziuu9000le5aobg7je8p6', '3.4 Optimización de Prompts', 'Contenido de la lección 3.4: 3.4 Optimización de Prompts', NULL, NULL, 11, '2025-08-01T15:34:59.746Z', '2025-08-01T15:34:59.746Z', 'cmds0r34u0000e5048x4gkzi7');
INSERT INTO lessons (id, title, content, videoUrl, duration, order, createdAt, updatedAt, courseId) VALUES ('cmdsziuwo000ne5aolwpkgsl1', '4.1 Introducción a ChatGPT', 'Contenido de la lección 4.1: 4.1 Introducción a ChatGPT', NULL, NULL, 12, '2025-08-01T15:34:59.832Z', '2025-08-01T15:34:59.832Z', 'cmds0r34u0000e5048x4gkzi7');
INSERT INTO lessons (id, title, content, videoUrl, duration, order, createdAt, updatedAt, courseId) VALUES ('cmdsziuz2000pe5aoco6iiuje', '4.2 Configuración de ChatGPT', 'Contenido de la lección 4.2: 4.2 Configuración de ChatGPT', NULL, NULL, 13, '2025-08-01T15:34:59.918Z', '2025-08-01T15:34:59.918Z', 'cmds0r34u0000e5048x4gkzi7');
INSERT INTO lessons (id, title, content, videoUrl, duration, order, createdAt, updatedAt, courseId) VALUES ('cmdsziv1h000re5ao0a2w1mkf', '4.3 Creación de Asistente con ChatGPT', 'Contenido de la lección 4.3: 4.3 Creación de Asistente con ChatGPT', NULL, NULL, 14, '2025-08-01T15:35:00.005Z', '2025-08-01T15:35:00.005Z', 'cmds0r34u0000e5048x4gkzi7');
INSERT INTO lessons (id, title, content, videoUrl, duration, order, createdAt, updatedAt, courseId) VALUES ('cmdsziv3v000te5aoo22nck44', '4.4 GPTs Personalizados', 'Contenido de la lección 4.4: 4.4 GPTs Personalizados', NULL, NULL, 15, '2025-08-01T15:35:00.092Z', '2025-08-01T15:35:00.092Z', 'cmds0r34u0000e5048x4gkzi7');
INSERT INTO lessons (id, title, content, videoUrl, duration, order, createdAt, updatedAt, courseId) VALUES ('cmdsziv69000ve5ao5tog460x', '5.1 Optimización de Rendimiento', 'Contenido de la lección 5.1: 5.1 Optimización de Rendimiento', NULL, NULL, 16, '2025-08-01T15:35:00.178Z', '2025-08-01T15:35:00.178Z', 'cmds0r34u0000e5048x4gkzi7');
INSERT INTO lessons (id, title, content, videoUrl, duration, order, createdAt, updatedAt, courseId) VALUES ('cmdsziv8o000xe5aoxqhkk651', '5.2 Pruebas y Validación', 'Contenido de la lección 5.2: 5.2 Pruebas y Validación', NULL, NULL, 17, '2025-08-01T15:35:00.264Z', '2025-08-01T15:35:00.264Z', 'cmds0r34u0000e5048x4gkzi7');
INSERT INTO lessons (id, title, content, videoUrl, duration, order, createdAt, updatedAt, courseId) VALUES ('cmdszivb2000ze5ao3eccaj4f', '5.3 Mantenimiento Continuo', 'Contenido de la lección 5.3: 5.3 Mantenimiento Continuo', NULL, NULL, 18, '2025-08-01T15:35:00.350Z', '2025-08-01T15:35:00.350Z', 'cmds0r34u0000e5048x4gkzi7');
INSERT INTO lessons (id, title, content, videoUrl, duration, order, createdAt, updatedAt, courseId) VALUES ('cmdszivdg0011e5aorowmnx4l', '5.4 Escalabilidad y Mejoras', 'Contenido de la lección 5.4: 5.4 Escalabilidad y Mejoras', NULL, NULL, 19, '2025-08-01T15:35:00.437Z', '2025-08-01T15:35:00.437Z', 'cmds0r34u0000e5048x4gkzi7');
INSERT INTO lessons (id, title, content, videoUrl, duration, order, createdAt, updatedAt, courseId) VALUES ('cmdszivfv0013e5aowzs8cmd9', '5.5 Monitoreo y Analytics', 'Contenido de la lección 5.5: 5.5 Monitoreo y Analytics', NULL, NULL, 20, '2025-08-01T15:35:00.523Z', '2025-08-01T15:35:00.523Z', 'cmds0r34u0000e5048x4gkzi7');
INSERT INTO lessons (id, title, content, videoUrl, duration, order, createdAt, updatedAt, courseId) VALUES ('cmdszivi90015e5aog2xc0rl2', '5.6 Conclusiones y Próximos Pasos', 'Contenido de la lección 5.6: 5.6 Conclusiones y Próximos Pasos', NULL, NULL, 21, '2025-08-01T15:35:00.610Z', '2025-08-01T15:35:00.610Z', 'cmds0r34u0000e5048x4gkzi7');
INSERT INTO lessons (id, title, content, videoUrl, duration, order, createdAt, updatedAt, courseId) VALUES ('cmdsziub30005e5aose3jmlkc', '1.3 Comparación: Google Gemini vs ChatGPT', 'Contenido de la lección 1.3: 1.3 Casos de Uso Empresariales', NULL, NULL, 3, '2025-08-01T15:34:59.056Z', '2025-08-01T15:39:11.791Z', 'cmds0r34u0000e5048x4gkzi7');

-- Table: enrollments
DELETE FROM enrollments;
INSERT INTO enrollments (id, enrolledAt, completedAt, progressPercentage, status, userId, courseId) VALUES ('cmdhiumbw0001ky0alhz2s4aw', '2025-07-24T15:02:47.179Z', NULL, 10, 'ACTIVE', 'cmdhipu140000la04lk6x6aqe', 'cmdf4hcn50000e5isc57n04xy');
INSERT INTO enrollments (id, enrolledAt, completedAt, progressPercentage, status, userId, courseId) VALUES ('cmdke10ps0001l504lmpw2r8j', '2025-07-26T15:11:06.207Z', NULL, 0, 'ACTIVE', 'cmdhyu3bi0005jx048jinmv6t', 'cmdf4hcn50000e5isc57n04xy');
INSERT INTO enrollments (id, enrolledAt, completedAt, progressPercentage, status, userId, courseId) VALUES ('cmdnk6gmq000mky04xoftxnks', '2025-07-28T20:26:36.338Z', NULL, 20, 'ACTIVE', 'cmdnk5t1o000iky04vj1v5m7d', 'cmdf4hcn50000e5isc57n04xy');
INSERT INTO enrollments (id, enrolledAt, completedAt, progressPercentage, status, userId, courseId) VALUES ('cmdj6lusv0001js04yun3ytob', '2025-07-25T18:55:35.214Z', NULL, 10, 'ACTIVE', 'cmdhyu3bi0005jx048jinmv6t', 'cmddav1bv0001e5ko3o5dt2cv');
INSERT INTO enrollments (id, enrolledAt, completedAt, progressPercentage, status, userId, courseId) VALUES ('cmdp0yobo0005jy04we890mte', '2025-07-29T21:04:12.708Z', NULL, 0, 'ACTIVE', 'cmdhipu140000la04lk6x6aqe', 'cmddav1bv0001e5ko3o5dt2cv');
INSERT INTO enrollments (id, enrolledAt, completedAt, progressPercentage, status, userId, courseId) VALUES ('cmdpyzqw40004jr04bw0kbgiw', '2025-07-30T12:56:49.635Z', NULL, 20, 'ACTIVE', 'cmdpysmyw0000jr043g75qng4', 'cmdf4hcn50000e5isc57n04xy');
INSERT INTO enrollments (id, enrolledAt, completedAt, progressPercentage, status, userId, courseId) VALUES ('cmdt0yqah001je5o8o7l7qnzi', '2025-08-01T16:15:19.959Z', NULL, 0, 'ACTIVE', 'cmdt0gtf2001be5o8wtu39p9j', 'cmds0r34u0000e5048x4gkzi7');
INSERT INTO enrollments (id, enrolledAt, completedAt, progressPercentage, status, userId, courseId) VALUES ('cmdt3q9n20001e5go1dsyaxcx', '2025-08-01T17:32:43.982Z', NULL, 0, 'ACTIVE', 'cmdnk5t1o000iky04vj1v5m7d', 'cmds0r34u0000e5048x4gkzi7');
INSERT INTO enrollments (id, enrolledAt, completedAt, progressPercentage, status, userId, courseId) VALUES ('cmdtd3nvt0005lb040mqhjeo2', '2025-08-01T21:55:05.513Z', NULL, 0, 'ACTIVE', 'cmdt0gtf2001be5o8wtu39p9j', 'cmddav1bv0001e5ko3o5dt2cv');
INSERT INTO enrollments (id, enrolledAt, completedAt, progressPercentage, status, userId, courseId) VALUES ('cmdt3a58p000ie5h0xsnqmbfa', '2025-08-01T17:20:11.783Z', NULL, 20, 'ACTIVE', 'cmdt0gtf2001be5o8wtu39p9j', 'cmdf4hcn50000e5isc57n04xy');

-- Table: resources
DELETE FROM resources;
INSERT INTO resources (id, title, slug, description, shortDescription, imageUrl, category, type, author, fileUrl, requiresAuth, isFree, rating, downloadsCount, status, createdAt, updatedAt) VALUES ('cmdtcdh2q0000e5rs4bz6h1hz', 'Carrusel de imágenes', 'carrusel-de-imagenes', 'Herramienta GPT especializada en crear carruseles visuales impactantes para redes sociales, presentaciones y marketing digital. Genera layouts responsivos, sugiere combinaciones de colores armoniosas, optimiza imágenes para diferentes plataformas y crea transiciones fluidas. Perfecta para diseñadores, marketers y creadores de contenido que buscan destacar visualmente.', 'GPT especializado para crear carruseles visuales impactantes y responsivos', 'https://images.unsplash.com/photo-1558618666-fcd25c85cd64?w=400&h=250&fit=crop&crop=center', 'HERRAMIENTA', 'LINK', 'Equipo Egrow', 'https://chatgpt.com/g/g-68892296e5508191b7a874e5fc36bbbe-carrusel-de-imagenes', TRUE, TRUE, 4.8, 1, 'PUBLISHED', '2025-08-01T21:34:43.634Z', '2025-08-01T21:59:54.709Z');
INSERT INTO resources (id, title, slug, description, shortDescription, imageUrl, category, type, author, fileUrl, requiresAuth, isFree, rating, downloadsCount, status, createdAt, updatedAt) VALUES ('cmddlxjav0000e5dsyagd9lup', 'Webinar: asistente virtual', 'webinar-asistente-virtual', 'Webinar completo que te enseña a crear asistentes virtuales inteligentes desde cero. Incluye acceso exclusivo a nuestro ChatGPT especializado en contexto empresarial, manuales detallados de implementación GPT y GEM, y casos de uso reales en diferentes industrias. Aprende a automatizar tareas, mejorar la atención al cliente y optimizar procesos empresariales con IA conversacional.', 'Crea asistentes virtuales empresariales con ChatGPT, GPT y GEM - Incluye casos prácticos', 'https://images.unsplash.com/photo-1485827404703-89b55fcc595e?w=400&h=250&fit=crop&crop=center', 'WEBINAR', 'PDF', 'eGrow Academy', '/resources/Manual GPT.pdf', TRUE, FALSE, 4.8, 21, 'PUBLISHED', '2025-07-21T21:17:57.367Z', '2025-08-01T22:20:42.246Z');
INSERT INTO resources (id, title, slug, description, shortDescription, imageUrl, category, type, author, fileUrl, requiresAuth, isFree, rating, downloadsCount, status, createdAt, updatedAt) VALUES ('cmdtcdh9p0001e5rs2bh2hj60', 'Prompts para diseños y anuncios básicos', 'prompts-disenos-anuncios-basicos', 'Colección curada de más de 200 prompts profesionales para generar diseños creativos y anuncios efectivos usando herramientas de IA como Midjourney, DALL-E y Stable Diffusion. Incluye prompts específicos para diferentes industrias, estilos visuales, formatos publicitarios y objetivos de marketing. Cada prompt viene con ejemplos de resultados y variaciones para maximizar la creatividad.', 'Más de 200 prompts profesionales para crear diseños y anuncios con IA generativa', 'https://images.unsplash.com/photo-1611224923853-80b023f02d71?w=400&h=250&fit=crop&crop=center', 'MANUAL', 'PDF', 'Equipo Egrow', '#', TRUE, TRUE, 4.7, 6, 'PUBLISHED', '2025-08-01T21:34:43.886Z', '2025-08-01T22:12:20.615Z');
INSERT INTO resources (id, title, slug, description, shortDescription, imageUrl, category, type, author, fileUrl, requiresAuth, isFree, rating, downloadsCount, status, createdAt, updatedAt) VALUES ('cmdtcdhj30003e5rsw9aivm4i', 'GPT para evaluar o mejorar diseños', 'gpt-evaluar-mejorar-disenos', 'Asistente de IA especializado en crítica constructiva de diseño visual. Analiza composición, tipografía, paletas de colores, jerarquía visual y usabilidad. Proporciona retroalimentación detallada basada en principios de diseño modernos, tendencias actuales y mejores prácticas de UX/UI. Ideal para diseñadores que buscan una segunda opinión profesional y objetiva.', 'Asistente IA para análisis y mejora profesional de diseños visuales y UX/UI', 'https://images.unsplash.com/photo-1561070791-2526d30994b5?w=400&h=250&fit=crop&crop=center', 'TUTORIAL', 'LINK', 'Equipo Egrow', 'https://chatgpt.com/g/g-688d1b0d55708191a4f5f2a273cd23a9-visuo-asesor-de-diseno', TRUE, TRUE, 4.6, 1, 'PUBLISHED', '2025-08-01T21:34:44.224Z', '2025-08-01T21:59:54.794Z');
INSERT INTO resources (id, title, slug, description, shortDescription, imageUrl, category, type, author, fileUrl, requiresAuth, isFree, rating, downloadsCount, status, createdAt, updatedAt) VALUES ('cmdtcdhed0002e5rsrhnhc6cu', 'Ebook: Diseñadores vs IA', 'ebook-disenadores-vs-ia', 'Ebook estratégico que redefine el futuro del diseño en la era de la inteligencia artificial. Explora cómo los diseñadores pueden evolucionar de competidores a colaboradores de la IA, maximizando la creatividad humana con herramientas automatizadas. Incluye casos de estudio, flujos de trabajo híbridos, herramientas recomendadas y estrategias para mantenerse relevante en un mercado en transformación.', 'Estrategias para que diseñadores colaboren exitosamente con IA y mantengan relevancia', 'https://images.unsplash.com/photo-1633356122544-f134324a6cee?w=400&h=250&fit=crop&crop=center', 'EBOOK', 'PDF', 'Equipo Egrow', '#', TRUE, TRUE, 4.9, 3, 'PUBLISHED', '2025-08-01T21:34:44.054Z', '2025-08-01T22:20:35.818Z');
INSERT INTO resources (id, title, slug, description, shortDescription, imageUrl, category, type, author, fileUrl, requiresAuth, isFree, rating, downloadsCount, status, createdAt, updatedAt) VALUES ('cmdhlxnfp0000e5qgmybhadlr', 'Guía de Prompts para ChatGPT', 'guia-prompts-chatgpt', 'Una guía completa y práctica para dominar el arte de crear prompts efectivos en ChatGPT. Descubre técnicas avanzadas como Chain of Thought, Few-Shot Learning, y Role Playing. Incluye más de 100 ejemplos reales aplicados a marketing, educación, programación y creatividad. Aprende a estructurar prompts que generen respuestas precisas, creativas y útiles para cualquier industria.', 'Domina ChatGPT con técnicas avanzadas de prompting y más de 100 ejemplos prácticos', 'https://images.unsplash.com/photo-1677756119517-756a188d2d94?w=400&h=250&fit=crop&crop=center', 'MANUAL', 'PDF', 'eGrow Academy', 'https://3o0p1lzj4n.ufs.sh/f/P2bnXUoat3WfkxKajlFauwDyGejd5FRObK2AmQgXJHscf1C3', TRUE, FALSE, 0, 0, 'PUBLISHED', '2025-07-24T16:29:07.429Z', '2025-08-01T21:59:54.455Z');

-- Table: events
DELETE FROM events;
INSERT INTO events (id, title, description, type, createdAt, updatedAt, currentCapacity, endDate, isFree, location, maxCapacity, price, startDate, status) VALUES ('cmdhk17ht0000e5lw7og73lul', '🎉 Lanzamiento: Monetizar con IA', 'Descubre cómo crear múltiples fuentes de ingresos usando inteligencia artificial. Aprende estrategias prácticas para monetizar tus habilidades en IA.', 'LANZAMIENTO', '2025-07-24T15:35:54.162Z', '2025-07-24T15:35:54.162Z', 0, NULL, TRUE, NULL, NULL, 0, NULL, 'UPCOMING');
INSERT INTO events (id, title, description, type, createdAt, updatedAt, currentCapacity, endDate, isFree, location, maxCapacity, price, startDate, status) VALUES ('cmdhk17m40001e5lwiaskbbmg', '🚀 Workshop: ChatGPT Avanzado', 'Aprende técnicas avanzadas de prompt engineering y optimización de ChatGPT para proyectos profesionales.', 'WORKSHOP', '2025-07-24T15:35:54.317Z', '2025-07-24T15:35:54.317Z', 0, NULL, TRUE, NULL, NULL, 0, NULL, 'UPCOMING');
INSERT INTO events (id, title, description, type, createdAt, updatedAt, currentCapacity, endDate, isFree, location, maxCapacity, price, startDate, status) VALUES ('cmdhk17ob0002e5lwcix98e28', '💡 Webinar: IA en Marketing Digital', 'Descubre cómo implementar estrategias de IA en tu marketing digital para maximizar resultados.', 'WEBINAR', '2025-07-24T15:35:54.395Z', '2025-07-24T15:35:54.395Z', 0, NULL, TRUE, NULL, NULL, 0, NULL, 'UPCOMING');
INSERT INTO events (id, title, description, type, createdAt, updatedAt, currentCapacity, endDate, isFree, location, maxCapacity, price, startDate, status) VALUES ('cmdhk17qg0003e5lwdslteyet', '🎯 Masterclass: Prompt Engineering', 'Domina el arte del prompt engineering para obtener resultados excepcionales de cualquier IA.', 'MASTERCLASS', '2025-07-24T15:35:54.472Z', '2025-07-24T15:35:54.472Z', 0, NULL, TRUE, NULL, NULL, 0, NULL, 'UPCOMING');
INSERT INTO events (id, title, description, type, createdAt, updatedAt, currentCapacity, endDate, isFree, location, maxCapacity, price, startDate, status) VALUES ('cmdhk17sl0004e5lwrt4kqpub', '🤖 Meetup: IA y Automatización', 'Conecta con otros profesionales y comparte experiencias sobre implementación de IA en empresas.', 'MEETUP', '2025-07-24T15:35:54.550Z', '2025-07-24T15:35:54.550Z', 0, NULL, TRUE, NULL, NULL, 0, NULL, 'UPCOMING');

-- Table: promotions
DELETE FROM promotions;
INSERT INTO promotions (id, type, title, description, ctaText, ctaUrl, imageUrl, isActive, startDate, endDate, priority, targetAudience, maxImpressions, currentImpressions, createdAt, updatedAt) VALUES ('new-course-promotion-001', 'NEW_COURSE', '🎯 Nuevo curso disponible', 'Descubre nuestro último curso de IA avanzada', 'Ver Curso', '/courses', NULL, TRUE, NULL, NULL, 8, 'ALL', NULL, 0, '2025-07-30T22:19:11.004Z', '2025-07-30T22:19:11.004Z');
INSERT INTO promotions (id, type, title, description, ctaText, ctaUrl, imageUrl, isActive, startDate, endDate, priority, targetAudience, maxImpressions, currentImpressions, createdAt, updatedAt) VALUES ('premium-promotion-001', 'PREMIUM_SUBSCRIPTION', '✨ ¡Únete a eGrow Academy Premium!', 'Accede a todos los cursos, recursos exclusivos y certificados', 'Suscribirse Ahora', '/subscription', NULL, TRUE, NULL, NULL, 10, 'NON_PREMIUM', NULL, 1, '2025-07-30T22:19:11.004Z', '2025-07-30T22:21:53.390Z');

-- Enable foreign key checks
SET foreign_key_checks = 1;
